
<?xml version="1.0" encoding="iso-8859-1"?>
<Redstone>
  <command>
    <name>UI</name>
    <controlColor>ffffff</controlColor>
    <minSize>300x200</minSize>
  </command>
  <command>
    <name>CTRLListView</name>
    <x>0</x>
    <w>514</w>
    <y>26</y>
    <h>294</h>
  </command>
  <command>
    <name>CTRLHeader</name>
    <y>5</y>
  </command>
  <command>
    <name>VolumeLevel</name>
    <y>21</y>
    <x>55</x>
    <w>402</w>
    <h>5</h>
  </command>
  <command>
    <name>CTRLHelp</name>
    <y>5</y>
  </command>
  <command>
    <name>Categories</name>
    <y>5</y>
  </command>
  <command>
    <name>CTRLSpeech</name>
    <y>5</y>
  </command>
  <command>
    <name>CTRLDisplayMode</name>
    <y>5</y>
  </command>
  <command>
    <name>CTRLToolbar1</name>
	<hide>True</hide>
  </command>
  <command>
    <name>CTRLToolbar2</name>
	<hide>True</hide>
  </command>
  <command>
    <name>CTRLToolbarText_1</name>
	<hide>True</hide>
  </command>
  <command>
    <name>CTRLToolbarText_2</name>
	<hide>True</hide>
  </command>
</Redstone>