
<?xml version="1.0" encoding="iso-8859-1"?>
<Redstone>
  <command>
    <name>UI</name>
    <controlColor>000000</controlColor>
    <background>000000</background>
  </command>
  <command>
    <name>CTRLHeader</name>
    <fontOptions>S14 CWhite Italic Bold</fontOptions>
    <font>Verdana</font>
    <style>+Center</style>
  </command>
  <command>
    <name>SearchControl</name>
    <fontOptions>CWhite</fontOptions>
  </command>
  <command>
    <name>CTRLListView</name>
	<background>000000</background>
	<fontOptions>s8 Norm CWhite</fontOptions>
    <font>Verdana</font>
  </command>
  <command>
    <name>CTRLToolbarText_1</name>
    <font>Arial</font>
    <fontOptions>s7 Norm CWhite</fontOptions> 
  </command>
  <command>
    <name>CTRLToolbarText_2</name>
    <font>Arial</font>
    <anchor>w</anchor>
    <fontOptions>s7 Norm CWhite</fontOptions>
  </command>
  <command>
    <name>CTRLToolbar2</name>
    <anchor>w</anchor>
  </command>
  <command>
    <name>Background</name>
    <image>redblack.jpg</image>
    <x>0</x>
    <y>0</y>
    <w>514</w>
    <h>85</h>
  </command>
</Redstone>