
<?xml version="1.0" encoding="iso-8859-1"?>
<Redstone>
  <command>
    <name>UI</name>
    <controlColor>FFFFFF</controlColor>
    <background>C0C0C0</background>
    <minSize>300x200</minSize>
  </command>
  <command>
    <name>CTRLListView</name>
	<background>D1D6CF</background>
	<font>Arial</font>
	<fontOptions>s8</fontOptions>
    <x>0</x>
    <w>514</w>
    <y>26</y>
    <h>294</h>
  </command>
  <command>
    <name>CTRLHeader</name>
    <fontOptions>S10 Bold</fontOptions>
    <font>Arial</font>
    <y>5</y>
  </command>
  <command>
    <name>Background</name>
    <image>header2.jpg</image>
    <x>0</x>
    <y>0</y>
    <w>514</w>
    <h>26</h>
  </command>
  <command>
    <name>VolumeLevel</name>
    <y>21</y>
    <x>55</x>
    <w>402</w>
    <h>5</h>
  </command>
  <command>
    <name>SearchControl</name>
    <x>158</x>
    <w>354</w>
  </command>
  <command>
    <name>CTRLHelp</name>
    <y>5</y>
  </command>
  <command>
    <name>Categories</name>
    <y>5</y>
  </command>
  <command>
    <name>CTRLSpeech</name>
    <y>5</y>
  </command>
  <command>
    <name>CTRLDisplayMode</name>
    <y>5</y>
  </command>
  <command>
    <name>Button1</name>
    <x>1</x>
  </command>
  <command>
    <name>Button2</name>
    <x>27</x>
  </command>
  <command>
    <name>Button3</name>
    <x>53</x>
  </command>
  <command>
    <name>Button4</name>
    <x>79</x>
  </command>
  <command>
    <name>Button5</name>
    <x>105</x>
  </command>
  <command>
    <name>Button6</name>
    <x>131</x>
  </command>
  <command>
    <name>CTRLToolbar1</name>
	<hide>True</hide>
  </command>
  <command>
    <name>CTRLToolbar2</name>
	<hide>True</hide>
  </command>
  <command>
    <name>CTRLToolbarText_1</name>
	<hide>True</hide>
  </command>
  <command>
    <name>CTRLToolbarText_2</name>
	<hide>True</hide>
  </command>
</Redstone>