
<?xml version="1.0" encoding="iso-8859-1"?>
<Redstone>
  <command>
    <name>UI</name>
    <controlColor>330011</controlColor>
    <background>000000</background>
  </command>
  <command>
    <name>CTRLDisplayMode</name>
    <x>5</x>
    <y>62</y>
    <w>16</w>
    <h>16</h>
  </command>
  <command>
    <name>Button1</name>
    <anchor>y</anchor>
    <x>5</x>
    <y>323</y>
    <w>25</w>
    <h>25</h>
  </command>
  <command>
    <name>Button2</name>
    <anchor>y</anchor>
    <x>33</x>
    <y>323</y>
    <w>25</w>
    <h>25</h>
  </command>
  <command>
    <name>Button3</name>
    <anchor>y</anchor>
    <x>61</x>
    <y>323</y>
    <w>25</w>
    <h>25</h>
  </command>
  <command>
    <name>Button4</name>
    <anchor>y</anchor>
    <x>89</x>
    <y>323</y>
    <w>25</w>
    <h>25</h>
  </command>
  <command>
    <name>Button5</name>
    <anchor>y</anchor>
    <x>117</x>
    <y>323</y>
    <w>25</w>
    <h>25</h>
  </command>
  <command>
    <name>Button6</name>
    <anchor>y</anchor>
    <x>145</x>
    <y>323</y>
    <w>25</w>
    <h>25</h>
  </command>
  <command>
    <name>CTRLHeader</name>
    <font>S14 CWhite Italic Bold Verdana</font>
    <anchor>w</anchor>
    <x>50</x>
    <y>55</y>
    <w>412</w>
    <h>24</h>
  </command>
  <command>
    <name>SearchControl</name>
    <anchor>yw</anchor>
    <font>CWhite</font>
    <x>175</x>
    <y>325</y>
    <w>334</w>
    <h>21</h>
  </command>
  <command>
    <name>CTRLListView</name>
	<background>000000</background>
	<font>s8 Norm CWhite  Arial</font>
    <anchor>hw</anchor>
    <x>5</x>
    <y>85</y>
    <w>504</w>
    <h>235</h>
  </command>
  <command>
    <name>CTRLToolbar1</name>
    <x>5</x>
    <y>18</y>
    <w>245</w>
    <h>23</h>
  </command>
  <command>
    <name>CTRLToolbarText_1</name>
    <x>5</x>
    <y>5</y>
    <w>245</w>
    <h>13</h>
    <font>s7 Norm CWhite Verdana</font>
  </command>
  <command>
    <name>CTRLToolbar2</name>
    <anchor>x</anchor>
    <x>262</x>
    <y>18</y>
    <w>245</w>
    <h>23</h>
  </command>
  <command>
    <name>CTRLToolbarText_2</name>
    <font>s7 Norm CWhite Verdana</font>
    <anchor>x</anchor>
    <x>262</x>
    <y>5</y>
    <w>245</w>
    <h>13</h>
  </command>
  <command>
    <name>VolumeLevel</name>
    <anchor>w</anchor>
    <x>5</x>
    <y>78</y>
    <w>502</w>
    <h>6</h>
  </command>
  <command>
    <name>CTRLHelp</name>
    <anchor>x</anchor>
    <x>493</x>
    <y>62</y>
    <w>16</w>
    <h>16</h>
  </command>
  <command>
    <name>CTRLSpeech</name>
    <anchor>x</anchor>
    <x>475</x>
    <y>62</y>
    <w>16</w>
    <h>16</h>
  </command>
  <command>
    <name>Background</name>
    <image>res/redblack.jpg</image>
    <anchor>w</anchor>
    <x>0</x>
    <y>0</y>
    <w>514</w>
    <h>85</h>
  </command>
</Redstone>