
<?xml version="1.0" encoding="iso-8859-1"?>
<Redstone>
  <Button>
    <type>button</type>
    <name>Button4</name>
    <icon>res/ico1e8c.ico</icon>
    <command>
      <command>Filter Apply</command>
      <type>command</type>
      <Args>
        <name>File History</name>
      </Args>
    </command>
    <listName>Buttons</listName>
  </Button>
  <Button>
    <type>button</type>
    <name>Button1</name>
    <command>
      <command>Filter Apply</command>
      <type>command</type>
      <Args>
        <name>Start Menu</name>
      </Args>
    </command>
    <icon>res/sprb0401.dll_5.ico</icon>
    <listName>Buttons</listName>
  </Button>
  <Button>
    <type>button</type>
    <name>Button5</name>
    <command>
      <command>Filter Apply</command>
      <type>command</type>
      <Args>
        <name>Favorites</name>
      </Args>
    </command>
    <icon>res/Ico16CF.ico</icon>
    <listName>Buttons</listName>
  </Button>
  <Button>
    <type>button</type>
    <name>Button3</name>
    <command>
      <command>Filter Apply</command>
      <type>command</type>
      <Args>
        <name>Folder History</name>
      </Args>
    </command>
    <icon>res/Ico15AC.ico</icon>
    <listName>Buttons</listName>
  </Button>
  <Button>
    <type>button</type>
    <name>Button6</name>
    <listName>Buttons</listName>
    <icon>res/shell32.dll_327.ico</icon>
    <command>
      <type>command</type>
      <command>Filter Apply</command>
      <Args>
        <name>History</name>
      </Args>
    </command>
  </Button>
  <Button>
    <type>button</type>
    <name>Button2</name>
    <icon>res/My Computer.ico</icon>
    <command>
      <type>command</type>
      <command>Filter Apply</command>
      <Args>
        <name>Active Tasks</name>
      </Args>
    </command>
    <listName>Buttons</listName>
  </Button>
</Redstone>