
<?xml version="1.0" encoding="iso-8859-1"?>
<Redstone>
  <command>
    <type>command</type>
    <name>Skins</name>
    <command>Filter Apply</command>
    <Args>
    	<name>Skins</name>
    </Args>
    <icon>res/Ico1F49.ico</icon>
    <listName>Configuration</listName>
  </command>
  <command>
    <type>command</type>
    <name>Plugins</name>
    <command>Filter Apply</command>
    <Args>
    	<name>Plugins</name>
    </Args>
    <icon>res/eqnclass.dll_114.ico</icon>
    <listName>Configuration</listName>
  </command>
  <command>
    <type>command</type>
    <command>Filter Apply</command>
    <Args>
      <name>Slash Commands</name>
    </Args>
    <name>Slash Commands</name>
    <icon>Shell32.dll&#44;25</icon>
    <listName>Configuration</listName>
  </command>
  <command>
    <type>command</type>
    <name>Items to Scan</name>
    <command>Filter Apply</command>
    <Args>
      <name>Items to Scan</name>
    </Args>
    <icon>Shell32.dll&#44;57</icon>
    <listName>Configuration</listName>
  </command>
  <command>
    <type>command</type>
    <name>Hotkeys</name>
    <command>Filter Apply</command>
    <Args>
      <name>Hotkeys</name>
    </Args>
    <icon>res/ico2844.ico</icon>
    <listName>Configuration</listName>
  </command>
</Redstone>