
<?xml version="1.0" encoding="iso-8859-1"?>
<Redstone>
  <filter>
    <type>filter</type>
    <name>Bookmarks</name>
    <list>Default</list>
    <typeFilter>type=bookmark</typeFilter>
    <headers>name&#44;command</headers>
    <user>Yes</user>
    <sort>name</sort>
    <icon>res/shell32.dll_14.ico</icon>
    <listName>Filters</listName>
  </filter>
  <filter>
    <type>filter</type>
    <name>Web Search History</name>
    <list>History</list>
    <typeFilter>type=webSearch</typeFilter>
    <maxResults>50</maxResults>
    <headers>name&#44;command</headers>
    <user>No</user>
    <icon>res/conf.exe_2.ico</icon>
    <listName>Filters</listName>
  </filter>
  <filter>
    <type>filter</type>
    <name>Control Panel</name>
    <list>Default</list>
    <typeFilter>type=applet</typeFilter>
    <headers>name</headers>
    <user>Yes</user>
    <sort>name</sort>
    <icon>res/conf.exe_2.ico</icon>
    <listName>Filters</listName>
  </filter>
  <filter>
    <type>filter</type>
    <name>Active Tasks</name>
    <list>Windows</list>
    <headers>name</headers>
    <mode>Large</mode>
    <user>Yes</user>
    <icon>res/My Computer.ico</icon>
    <listName>Filters</listName>
  </filter>
  <filter>
    <type>filter</type>
    <name>Favorites</name>
    <list>Favorites</list>
    <headers>name&#44;type</headers>
    <user>Yes</user>
    <sort>name</sort>
    <icon>res/Ico16CF.ico</icon>
    <listName>Filters</listName>
  </filter>
  <filter>
    <type>filter</type>
    <name>Website History</name>
    <list>History</list>
    <typeFilter>type=website</typeFilter>
    <maxResults>100</maxResults>
    <headers>name</headers>
    <user>Yes</user>
    <sort>name</sort>
    <icon>res/shell32.dll_14.ico</icon>
    <listName>Filters</listName>
  </filter>
  <filter>
    <type>filter</type>
    <name>Folder History</name>
    <list>History</list>
    <typeFilter>type=folder</typeFilter>
    <maxResults>50</maxResults>
    <headers>name&#44;command</headers>
    <user>Yes</user>
    <icon>res/Ico15AC.ico</icon>
    <listName>Filters</listName>
  </filter>
  <filter>
    <type>filter</type>
    <name>Start Menu</name>
    <list>StartMenu</list>
    <maxResults>1000</maxResults>
    <headers>name&#44;weight</headers>
    <user>Yes</user>
    <sort>weight</sort>
    <icon>res/sprb0401.dll_5.ico</icon>
    <listName>Filters</listName>
  </filter>
  <filter>
    <type>filter</type>
    <name>Buttons</name>
    <list>Buttons</list>
    <headers>name&#44;filter&#44;icon</headers>
    <sort>name</sort>
    <icon>res/Ico28CE.ico</icon>
    <listName>Filters</listName>
  </filter>
  <filter>
    <type>filter</type>
    <name>Skype</name>
    <list>Default</list>
    <typeFilter>type=skype</typeFilter>
    <headers>name</headers>
    <user>Yes</user>
    <sort>name</sort>
    <icon>res/dlg_skype_about.ico</icon>
    <listName>Filters</listName>
  </filter>
  <filter>
    <type>filter</type>
    <name>Files</name>
    <list>Files</list>
    <maxResults>999</maxResults>
    <headers>name&#44;type&#44;size&#44;date</headers>
    <icon>res/ico215e.ico</icon>
    <listName>Filters</listName>
  </filter>
  <filter>
    <type>filter</type>
    <name>Complete History</name>
    <list>History</list>
    <maxResults>700</maxResults>
    <headers>name&#44;type&#44;*</headers>
    <sort>name</sort>
    <icon>res/shell32.dll_327.ico</icon>
    <listName>Filters</listName>
  </filter>
  <filter>
    <type>filter</type>
    <name>Categories</name>
    <list>Categories</list>
    <headers>name</headers>
    <sort>name</sort>
    <icon>res/ico281c.ico</icon>
    <listName>Filters</listName>
  </filter>
  <filter>
    <type>filter</type>
    <name>Toolbars</name>
    <list>Toolbars</list>
    <headers>name&#44;filter</headers>
    <sort>name</sort>
    <icon>res/wiaacmgr.exe_205.ico</icon>
    <listName>Filters</listName>
  </filter>
  <filter>
    <type>filter</type>
    <name>Errors</name>
    <list>Errors</list>
    <headers>error</headers>
    <icon>res/mskey.exe_2730.ico</icon>
    <listName>Filters</listName>
  </filter>
  <filter>
    <type>filter</type>
    <name>Lists</name>
    <list>Lists</list>
    <sort>name</sort>
    <icon>res/wab32res.dll_101.ico</icon>
    <listName>Filters</listName>
  </filter>
  <filter>
    <type>filter</type>
    <name>Types</name>
    <list>Types</list>
    <sort>typeType</sort>
    <icon>res/Ico1BCF.ico</icon>
    <listName>Filters</listName>
  </filter>
  <filter>
    <type>filter</type>
    <name>Items to Scan</name>
    <list>Scan</list>
    <sort>name</sort>
    <icon>Shell32.dll&#44;57</icon>
    <listName>Filters</listName>
  </filter>
  <filter>
    <type>filter</type>
    <name>Hotkeys</name>
    <list>Hotkeys</list>
    <sort>name</sort>
    <icon>res/ico2844.ico</icon>
    <headers>name&#44;hotkey</headers>
    <listName>Filters</listName>
  </filter>
  <filter>
    <type>filter</type>
    <name>Handlers</name>
    <list>Handler</list>
    <sort>handleType</sort>
    <icon>res/Ico23F8.ico</icon>
    <listName>Filters</listName>
  </filter>
  <filter>
    <type>filter</type>
    <name>Filter History</name>
    <list>FilterHistory</list>
    <maxResults>50</maxResults>
    <headers>name&#44;typeFilter&#44;directory&#44;searchPhrase</headers>
    <user>No</user>
    <icon>res/ico281c.ico</icon>
    <listName>Filters</listName>
  </filter>
  <filter>
    <type>filter</type>
    <name>Skins</name>
    <list>Skins</list>
    <headers>name</headers>
    <sort>name</sort>
    <icon>res/Ico1F49.ico</icon>
    <listName>Filters</listName>
  </filter>
  <filter>
    <type>filter</type>
    <name>Configuration</name>
    <list>Configuration</list>
    <headers>name</headers>
    <mode>Large</mode>
    <user>Yes</user>
    <sort>name</sort>
    <icon>res/WLService.exe_102.ico</icon>
    <listName>Filters</listName>
  </filter>
  <filter>
    <type>filter</type>
    <name>Slash Commands</name>
    <list>Slash</list>
    <headers>name&#44;description</headers>
    <user>No</user>
    <icon>Shell32.dll&#44;25</icon>
    <listName>Filters</listName>
  </filter>
  <filter>
    <type>filter</type>
    <name>Filters</name>
    <list>Filters</list>
    <sort>name</sort>
    <icon>res/ico281c.ico</icon>
    <listName>Filters</listName>
  </filter>
  <filter>
    <type>filter</type>
    <name>Matches</name>
    <list>Search</list>
    <refilter>Yes</refilter>
    <minChars>2</minChars>
    <maxResults>25</maxResults>
    <headers>name&#44;type&#44;weight&#44;listName&#44;*</headers>
    <sort>weight</sort>
    <listName>Filters</listName>
  </filter>
  <filter>
    <type>filter</type>
    <name>Miro</name>
    <list>Miro</list>
    <headers>name</headers>
    <user>Yes</user>
    <sort>name</sort>
    <icon>plugins/Miro/res/miro.ico</icon>
    <listName>Filters</listName>
  </filter>
  <filter>
    <type>filter</type>
    <name>Scanned Items</name>
    <list>Default</list>
    <maxResults>9999</maxResults>
    <headers>name&#44;type&#44;*</headers>
    <icon>Shell32.dll&#44;57</icon>
    <listName>Filters</listName>
  </filter>
  <filter>
    <type>filter</type>
    <name>System</name>
    <list>Default</list>
    <headers>name</headers>
    <mode>Large</mode>
    <user>Yes</user>
    <typeFilter>category=system</typeFilter>
    <sort>name</sort>
    <icon>c:\windows\explorer.exe&#44;1</icon>
    <listName>Filters</listName>
  </filter>
  <filter>
    <type>filter</type>
    <name>File History</name>
    <list>History</list>
    <typeFilter>type=file</typeFilter>
    <maxResults>100</maxResults>
    <headers>name,executed</headers>
    <user>Yes</user>
    <sort>name</sort>
    <icon>res/ico1e8c.ico</icon>
  </filter>
  <filter>
    <type>filter</type>
    <name>Internal Commands</name>
    <list>Redstone</list>
    <sort>name</sort>
    <icon>Shell32.dll&#44;95</icon>
    <typeFilter>name!=null</typeFilter>
    <listName>Filters</listName>
  </filter>
  <filter>
    <type>filter</type>
    <name>History</name>
    <list>History</list>
    <maxResults>50</maxResults>
    <headers>name&#44;type&#44;executed</headers>
    <user>Yes</user>
    <icon>res/shell32.dll_327.ico</icon>
    <listName>Filters</listName>
  </filter>
  <filter>
    <type>filter</type>
    <name>Processes</name>
    <list>Process</list>
    <headers>name&#44;cpu&#44;pid&#44;commandLine</headers>
    <user>Yes</user>
    <icon>res/Ico32D8.ico</icon>
    <listName>Filters</listName>
  </filter>
  <filter>
    <type>filter</type>
    <name>Hidden Windows</name>
    <list>HiddenWindows</list>
    <headers>name</headers>
    <user>No</user>
    <icon>res/Ico32D8.ico</icon>
    <listName>Filters</listName>
  </filter>
  <filter>
    <type>filter</type>
    <name>Plugins</name>
    <list>Plugins</list>
    <typeFilter>system=null</typeFilter>
    <headers>name&#44;enabled&#44;description&#44;author</headers>
    <sort>name</sort>
    <icon>res/eqnclass.dll_114.ico</icon>
    <listName>Filters</listName>
  </filter>
  <filter>
    <type>filter</type>
    <name>Plugin Manager</name>
    <list>ExternalPlugins</list>
    <headers>name&#44;version&#44;enabled&#44;description&#44;author&#44;pluginType</headers>
    <sort>name</sort>
    <icon>res/eqnclass.dll_114.ico</icon>
    <listName>Filters</listName>
  </filter>
</Redstone>