
<?xml version="1.0" encoding="iso-8859-1"?>
<Redstone>
  <handler>
    <type>handler</type>
    <handleType>command</handleType>
    <typeType>command</typeType>
  </handler>
  <handler>
    <type>handler</type>
    <handleType>handler</handleType>
    <typeType>handler</typeType>
  </handler>
  <handler>
    <type>handler</type>
    <handleType>type</handleType>
    <typeType>type</typeType>
  </handler>
  <handler>
    <type>handler</type>
    <handleType>window</handleType>
    <typeType>window</typeType>
  </handler>
  <handler>
    <type>handler</type>
    <handleType>website</handleType>
    <typeType>url</typeType>
  </handler>
  <handler>
    <type>handler</type>
    <handleType>applet</handleType>
    <typeType>file</typeType>
  </handler>
  <handler>
    <type>handler</type>
    <handleType>webSearch</handleType>
    <typeType>websearch</typeType>
  </handler>
  <handler>
    <type>handler</type>
    <handleType>folder</handleType>
    <typeType>folder</typeType>
  </handler>
  <handler>
    <type>handler</type>
    <handleType>file</handleType>
    <typeType>file</typeType>
  </handler>
  <handler>
    <type>handler</type>
    <handleType>scan</handleType>
    <typeType>scan</typeType>
  </handler>
  <handler>
    <type>handler</type>
    <handleType>filter</handleType>
    <typeType>filter</typeType>
  </handler>
  <handler>
    <type>handler</type>
    <handleType>list</handleType>
    <typeType>list</typeType>
  </handler>
  <handler>
    <type>handler</type>
    <handleType>rss</handleType>
    <typeType>url</typeType>
  </handler>
  <handler>
    <type>handler</type>
    <handleType>bookmark</handleType>
    <typeType>url</typeType>
  </handler>
  <handler>
    <type>handler</type>
    <handleType>feed</handleType>
    <typeType>feed</typeType>
  </handler>
  <handler>
    <type>handler</type>
    <handleType>slash</handleType>
    <typeType>slash</typeType>
  </handler>
  <handler>
    <type>handler</type>
    <handleType>startmenu</handleType>
    <typeType>startmenu</typeType>
  </handler>
  <handler>
    <type>handler</type>
    <handleType>skype</handleType>
    <typeType>file</typeType>
  </handler>
  <handler>
    <type>handler</type>
    <handleType>error</handleType>
    <typeType>error</typeType>
  </handler>
  <handler>
    <type>handler</type>
    <handleType>template</handleType>
    <typeType>template</typeType>
  </handler>
  <handler>
    <type>handler</type>
    <handleType>button</handleType>
    <typeType>button</typeType>
  </handler>
  <handler>
    <type>handler</type>
    <handleType>plugin</handleType>
    <typeType>plugin</typeType>
  </handler>
  <handler>
    <type>handler</type>
    <handleType>toolbar</handleType>
    <typeType>toolbar</typeType>
  </handler>
  <handler>
    <type>handler</type>
    <handleType>hotkey</handleType>
    <typeType>hotkey</typeType>
  </handler>
  <handler>
    <type>handler</type>
    <handleType>process</handleType>
    <typeType>process</typeType>
  </handler>
  <handler>
    <type>handler</type>
    <handleType>system</handleType>
    <typeType>system</typeType>
  </handler>
  <handler>
    <type>handler</type>
    <handleType>hiddenWindow</handleType>
    <typeType>window</typeType>
  </handler>
  <handler>
    <type>handler</type>
    <handleType>gds</handleType>
    <typeType>gds</typeType>
  </handler>
</Redstone>