
<?xml version="1.0" encoding="iso-8859-1"?>
<Redstone>
  <Hotkey>
    <name>Create command from clipboard</name>
    <type>hotkey</type>
    <actions>
      <command>
        <command>Clipboard Retrieve</command>
        <type>command</type>
      </command>
    </actions>
    <hotkey>!^h</hotkey>
    <onlyWhenActive>Both</onlyWhenActive>
    <listName>Hotkeys</listName>
  </Hotkey>
  <Hotkey>
    <name>Restart Redstone</name>
    <type>hotkey</type>
    <actions>
      <command>
        <command>AHK Reload</command>
        <type>command</type>
      </command>
    </actions>
    <hotkey>!^r</hotkey>
    <onlyWhenActive>Both</onlyWhenActive>
    <listName>Hotkeys</listName>
  </Hotkey>
  <Hotkey>
    <name>Hide UI via mouse</name>
    <type>hotkey</type>
    <actions>
      <command>
        <command>UI Hide</command>
        <type>command</type>
      </command>
    </actions>
    <hotkey>MButton</hotkey>
    <onlyWhenActive>Active</onlyWhenActive>
    <listName>Hotkeys</listName>
  </Hotkey>
  <Hotkey>
    <name>Escape</name>
    <type>hotkey</type>
    <actions>
      <command>
        <command>UI Hide</command>
        <type>command</type>
      </command>
    </actions>
    <hotkey>Escape</hotkey>
    <onlyWhenActive>Active</onlyWhenActive>
    <listName>Hotkeys</listName>
  </Hotkey>
  <Hotkey>
    <name>Hide UI</name>
    <type>hotkey</type>
    <actions>
      <command>
        <command>UI Hide</command>
        <type>command</type>
      </command>
    </actions>
    <hotkey>!Space</hotkey>
    <onlyWhenActive>Active</onlyWhenActive>
    <listName>Hotkeys</listName>
  </Hotkey>
  <Hotkey>
    <name>Show UI via mouse</name>
    <type>hotkey</type>
    <actions>
      <command>
        <command>UI Activate</command>
        <type>command</type>
      </command>
    </actions>
    <hotkey>MButton</hotkey>
    <onlyWhenActive>Inactive</onlyWhenActive>
    <listName>Hotkeys</listName>
  </Hotkey>
  <Hotkey>
    <name>List Variables</name>
    <type>hotkey</type>
    <actions>
      <command>
        <command>Debug ListVars</command>
        <type>command</type>
      </command>
    </actions>
    <hotkey>!^L</hotkey>
    <onlyWhenActive>Both</onlyWhenActive>
    <listName>Hotkeys</listName>
  </Hotkey>
  <Hotkey>
    <name>Show UI</name>
    <type>hotkey</type>
    <actions>
      <command>
        <command>UI ActivateCentered</command>
        <type>command</type>
      </command>
    </actions>
    <hotkey>!Space</hotkey>
    <onlyWhenActive>Inactive</onlyWhenActive>
    <listName>Hotkeys</listName>
  </Hotkey>
  <Hotkey>
    <name>Start Menu</name>
    <type>hotkey</type>
    <actions>
      <command>
        <command>Filter Apply</command>
        <type>command</type>
        <Args>
          <name>Start Menu</name>
        </Args>
      </command>
      <command>
        <command>UI Show</command>
        <type>command</type>
      </command>
    </actions>
    <hotkey>LWin</hotkey>
    <onlyWhenActive>Both</onlyWhenActive>
    <listName>Hotkeys</listName>
  </Hotkey>
  <Hotkey>
    <name>Previous Filter</name>
    <type>hotkey</type>
    <actions>
      <command>
        <command>Lister PreviousFilter</command>
        <type>command</type>
      </command>
    </actions>
    <hotkey>XButton1</hotkey>
    <onlyWhenActive>Active</onlyWhenActive>
    <listName>Hotkeys</listName>
  </Hotkey>
  <Hotkey>
    <name>Previous Filter</name>
    <type>hotkey</type>
    <actions>
      <command>
        <command>Lister PreviousFilter</command>
        <type>command</type>
      </command>
    </actions>
    <hotkey>!Left</hotkey>
    <onlyWhenActive>Active</onlyWhenActive>
    <listName>Hotkeys</listName>
  </Hotkey>
  <Hotkey>
    <name>Editor</name>
    <type>hotkey</type>
    <actions>
      <command>
        <command>Editor Toggle</command>
        <type>command</type>
      </command>
    </actions>
    <hotkey>^!Space</hotkey>
    <onlyWhenActive>Both</onlyWhenActive>
    <listName>Hotkeys</listName>
  </Hotkey>
  <Hotkey>
    <name>Favorites</name>
    <type>hotkey</type>
    <actions>
      <command>
        <command>Filter Apply</command>
        <type>command</type>
        <Args>
          <name>Favorites</name>
        </Args>
      </command>
      <command>
        <command>UI Show</command>
        <type>command</type>
      </command>
    </actions>
    <hotkey>!^f</hotkey>
    <onlyWhenActive>Both</onlyWhenActive>
    <listName>Hotkeys</listName>
  </Hotkey>
  <Hotkey>
    <name>Testing Methods</name>
    <type>hotkey</type>
    <actions>
      <command>
        <command>XML Test</command>
        <type>command</type>
      </command>
    </actions>
    <hotkey>!^e</hotkey>
    <onlyWhenActive>Both</onlyWhenActive>
    <listName>Hotkeys</listName>
  </Hotkey>
  <Hotkey>
    <type>hotkey</type>
    <name>Task Manager</name>
    <hotkey>^!X</hotkey>
    <actions>
      <File>
        <type>file</type>
        <name>Task Manager</name>
        <command>C:\WINDOWS\system32\taskmgr.exe</command>
        <listName>Favorites</listName>
      </File>
    </actions>
    <onlyWhenActive>Both</onlyWhenActive>
    <listName>Hotkeys</listName>
  </Hotkey>
  <Hotkey>
    <type>hotkey</type>
    <name>Hotkeys</name>
    <hotkey>^!W</hotkey>
    <actions>
      <command>
        <type>command</type>
        <name>Hotkeys</name>
        <command>Filter Apply</command>
        <Args>
          <name>Hotkeys</name>
        </Args>
        <icon>res/ico2844.ico</icon>
        <listName>Configuration</listName>
      </command>
    </actions>
    <onlyWhenActive>Active</onlyWhenActive>
    <listName>Hotkeys</listName>
  </Hotkey>
  <hotkey>
    <type>hotkey</type>
    <name>/ahk</name>
    <hotkey>^!A</hotkey>
    <actions>
      <slash>
        <type>slash</type>
        <name>/ahk</name>
        <description>Autohotkey</description>
        <command>
          <type>webSearch</type>
          <url>http://www.google.com/search?hl=en&q=%s+site%3Aautohotkey.com&btnG=Search</url>
        </command>
      </slash>
    </actions>
    <onlyWhenActive>Both</onlyWhenActive>
    <listName>Hotkeys</listName>
  </hotkey>
</Redstone>