
<?xml version="1.0" encoding="iso-8859-1"?>
<Redstone>
  <list>
    <type>list</type>
    <list>Scan</list>
    <name>Items to Scan</name>
    <defaultType>scan</defaultType>
    <persistent>Yes</persistent>
    <unique>Yes</unique>
    <addable>Yes</addable>
  </list>
  <list>
    <type>list</type>
    <list>RSS</list>
    <name>RSS Feeds</name>
    <defaultType>feed</defaultType>
    <persistent>Yes</persistent>
    <unique>Yes</unique>
  </list>
  <list>
    <type>list</type>
    <list>Files</list>
    <name>Files</name>
    <refreshCommand>Files Refresh</refreshCommand>
  </list>
  <list>
    <type>list</type>
    <list>Search</list>
    <name>Matches</name>
    <refreshCommand>Search Refresh</refreshCommand>
  </list>
  <list>
    <type>list</type>
    <list>StartMenu</list>
    <name>Start Menu</name>
    <unique>Yes</unique>
    <uniqueAction>ignore</uniqueAction>
    <refreshCommand>StartMenu Refresh</refreshCommand>
    <notify>No</notify>
  </list>
  <list>
    <type>list</type>
    <list>Buttons</list>
    <isXML>Yes</isXML>
    <name>Buttons</name>
    <defaultType>button</defaultType>
    <persistent>Yes</persistent>
    <unique>Yes</unique>
  </list>
  <list>
    <type>list</type>
    <list>Lists</list>
    <name>Lists</name>
    <defaultType>list</defaultType>
    <persistent>Yes</persistent>
    <unique>Yes</unique>
  </list>
  <list>
    <type>list</type>
    <name>Types</name>
    <list>Types</list>
    <defaultType>type</defaultType>
    <persistent>Yes</persistent>
    <unique>Yes</unique>
  </list>
  <list>
    <type>list</type>
    <name>Handlers</name>
    <list>Handler</list>
    <defaultType>handler</defaultType>
    <persistent>Yes</persistent>
    <unique>Yes</unique>
  </list>
  <list>
    <type>list</type>
    <name>Plugins</name>
    <list>Plugins</list>
    <defaultType>plugin</defaultType>
    <persistent>Yes</persistent>
    <unique>Yes</unique>
  </list>
  <list>
    <type>list</type>
    <name>Plugins</name>
    <list>Plugins</list>
    <defaultType>plugin</defaultType>
    <persistent>Yes</persistent>
    <unique>Yes</unique>
  </list>
  <list>
    <type>list</type>
    <name>Toolbars</name>
    <list>Toolbars</list>
    <defaultType>toolbar</defaultType>
    <persistent>Yes</persistent>
    <unique>Yes</unique>
  </list>
  <list>
    <type>list</type>
    <name>Editor Templates</name>
    <list>Templates</list>
    <defaultType>template</defaultType>
    <persistent>Yes</persistent>
    <unique>Yes</unique>
  </list>
  <list>
    <type>list</type>
    <name>Slash Commands</name>
    <list>Slash</list>
    <defaultType>slash</defaultType>
    <persistent>Yes</persistent>
    <unique>Yes</unique>
    <addable>Yes</addable>
  </list>
  <list>
    <type>list</type>
    <name>Active Tasks</name>
    <list>Windows</list>
    <defaultType>window</defaultType>
    <refreshCommand>Windows Refresh</refreshCommand>
  </list>
  <list>
    <type>list</type>
    <name>Hotkeys</name>
    <list>Hotkeys</list>
    <defaultType>hotkey</defaultType>
    <persistent>Yes</persistent>
    <unique>Yes</unique>
  </list>
  <list>
    <type>list</type>
    <name>Filter History</name>
    <list>FilterHistory</list>
    <defaultType>filter</defaultType>
    <depth>50</depth>
    <addMode>Insert</addMode>
  </list>
  <list>
    <type>list</type>
    <name>Scanned Items</name>
    <list>Default</list>
    <search>Yes</search>
    <searchOrder>999</searchOrder>
  </list>
  <list>
    <type>list</type>
    <name>History</name>
    <list>History</list>
    <search>Yes</search>
    <searchOrder>100</searchOrder>
    <persistent>Yes</persistent>
    <unique>Yes</unique>
    <addMode>Insert</addMode>
  </list>
  <list>
    <type>list</type>
    <name>Filters</name>
    <list>Filters</list>
    <search>No</search>
    <defaultType>filter</defaultType>
    <persistent>Yes</persistent>
    <unique>Yes</unique>
  </list>
  <list>
    <type>list</type>
    <name>Categories</name>
    <list>Categories</list>
    <search>Yes</search>
    <searchOrder>900</searchOrder>
    <defaultType>command</defaultType>
  </list>
  <list>
    <type>list</type>
    <name>Configuration</name>
    <list>Configuration</list>
    <search>Yes</search>
    <searchOrder>900</searchOrder>
    <persistent>Yes</persistent>
    <unique>Yes</unique>
    <addMode>Insert</addMode>
  </list>
  <list>
    <type>list</type>
    <name>Favorites</name>
    <list>Favorites</list>
    <search>Yes</search>
    <searchOrder>400</searchOrder>
    <persistent>Yes</persistent>
    <unique>Yes</unique>
    <addMode>Insert</addMode>
  </list>
  <list>
    <type>list</type>
    <name>Processes</name>
    <list>Process</list>
    <defaultType>process</defaultType>
    <unique>Yes</unique>
    <refreshCommand>Process Refresh</refreshCommand>
  </list>
  <list>
    <type>list</type>
    <name>Errors</name>
    <list>Errors</list>
    <defaultType>error</defaultType>
    <depth>50</depth>
    <addMode>Insert</addMode>
  </list>
  <list>
    <type>list</type>
    <name>User Commands</name>
    <list>RedStone</list>
    <isXML>Yes</isXML>
  </list>
  <list>
    <type>list</type>
    <name>Skins</name>
    <list>Skins</list>
    <search>Yes</search>
    <searchOrder>500</searchOrder>
    <defaultType>command</defaultType>
    <persistent>Yes</persistent>
    <unique>Yes</unique>
  </list>
  <list>
    <type>list</type>
    <name>Miro</name>
    <list>Miro</list>
    <search>Yes</search>
    <defaultType>command</defaultType>
    <searchOrder>500</searchOrder>
    <persistent>Yes</persistent>
    <unique>Yes</unique>
  </list>
  <list>
    <type>list</type>
    <list>Google</list>
    <name>Google</name>
  </list>
  <list>
    <type>list</type>
    <name>Hidden Windows</name>
    <list>HiddenWindows</list>
    <unique>Yes</unique>
  </list>
  <list>
    <type>list</type>
    <name>Plugin Manager</name>
    <list>ExternalPlugins</list>
    <unique>Yes</unique>
  </list>
  <list>
    <type>list</type>
    <name>SweptAwayExcludes</name>
    <list>SweptAwayExcludes</list>
    <defaultType>window</defaultType>
    <persistent>Yes</persistent>
    <unique>Yes</unique>
  </list>
</Redstone>