
<?xml version="1.0" encoding="iso-8859-1"?>
<Redstone>
  <scan>
    <type>scan</type>
    <name>RSS</name>
    <command>RSS ImportAllFeeds</command>
  </scan>
  <scan>
    <type>scan</type>
    <name>Control Panel</name>
    <command>ControlPanel Scan</command>
  </scan>
  <scan>
    <type>scan</type>
    <name>Start Menu</name>
    <command>Scan Directory</command>
    <directory>%A_StartMenu%</directory>
    <includeTypes>lnk&#44;exe</includeTypes>
    <recurse>Yes</recurse>
    <includeDirs>No</includeDirs>
  </scan>
  <scan>
    <type>scan</type>
    <name>All Users Start Menu</name>
    <directory>%A_StartMenuCommon%</directory>
    <includeTypes>lnk&#44;exe</includeTypes>
    <recurse>Yes</recurse>
    <includeDirs>No</includeDirs>
    <command>Scan Directory</command>
  </scan>
  <scan>
    <type>scan</type>
    <name>Desktop</name>
    <directory>%A_Desktop%</directory>
    <includeTypes>lnk&#44;exe</includeTypes>
    <recurse>Yes</recurse>
    <includeDirs>No</includeDirs>
    <command>Scan Directory</command>
  </scan>
  <scan>
    <type>scan</type>
    <name>System Folders</name>
    <command>System Scan</command>
  </scan>
  <scan>
    <type>scan</type>
    <name>Skype</name>
    <command>Skype ImportContacts</command>
  </scan>
  <scan>
    <type>scan</type>
    <name>Firefox</name>
    <command>Firefox Scan</command>
  </scan>
  <scan>
    <type>scan</type>
    <name>Internet Explorer</name>
    <command>IE Scan</command>
  </scan>
</Redstone>