
<?xml version="1.0" encoding="iso-8859-1"?>
<Redstone>
  <command>
    <type>command</type>
    <command>Skin Change</command>
    <callback>skin_Change</callback>
    <name>Plain Skin</name>
    <user>Yes</user>
    <Args>
    	<name>plain</name>
    </Args>
  </command>
  <command>
    <type>command</type>
    <command>Skin Change</command>
    <callback>skin_Change</callback>
    <name>Blue Skin</name>
    <user>Yes</user>
    <Args>
    	<name>blue</name>
    </Args>
  </command>
  <command>
    <type>command</type>
    <command>Skin Change</command>
    <callback>skin_Change</callback>
    <name>Silver Skin</name>
    <user>Yes</user>
    <Args>
    	<name>silver</name>
    </Args>
  </command>
  <command>
    <type>command</type>
    <name>Black Skin</name>
    <command>Skin Change</command>
    <Args>
    	<name>black</name>
    </Args>
  </command>
</Redstone>