
<?xml version="1.0" encoding="iso-8859-1"?>
<Redstone>
  <slash>
    <type>slash</type>
    <name>/imdb</name>
    <description>Internet Movie Database</description>
    <command>
   		<type>webSearch</type>
	    <url>http://us.imdb.com/Find?for=%s</url>
    </command>
  </slash>
  <slash>
    <type>slash</type>
    <name>/ahk</name>
    <description>Autohotkey</description>
    <command>
   		<type>webSearch</type>
    	<url>http://www.google.com/search?hl=en&q=%s+site%3Aautohotkey.com&btnG=Search</url>
    </command>
  </slash>
  <slash>
    <type>slash</type>
    <name>/bt</name>
    <description>BT Junkie</description>
    <command>
   		<type>webSearch</type>
	    <url>http://btjunkie.org/search?q=%s</url>
    </command>
  </slash>
  <slash>
    <type>slash</type>
    <name>/pirate</name>
    <description>Pirate Bay</description>
    <command>
   		<type>webSearch</type>
	    <url>http://thepiratebay.org/search/%s</url>
    </command>
  </slash>
  <slash>
    <type>slash</type>
    <name>/gds</name>
    <description>Google Desktop Search</description>
    <command>
	    <command>GoogleDesktop Search</command>
   		<type>gds</type>
    </command>
  </slash>
  <slash>
    <type>slash</type>
    <name>/yt</name>
    <description>YouTube</description>
    <command>
   		<type>webSearch</type>
	    <url>http://youtube.com/results?search_query=%s</url>
    </command>
  </slash>
</Redstone>