
<?xml version="1.0" encoding="iso-8859-1"?>
<Redstone>
  <Template>
    <type>Template</type>
    <editType>file</editType>
    <defaultList>History</defaultList>
  </Template>
  <Template>
    <type>Template</type>
    <editType>folder</editType>
    <defaultList>History</defaultList>
  </Template>
  <Template>
    <type>Template</type>
    <editType>url</editType>
    <defaultList>History</defaultList>
  </Template>
  <Template>
    <type>Template</type>
    <editType>websearch</editType>
    <defaultList>History</defaultList>
  </Template>
  <Template>
    <type>Template</type>
    <editType>button</editType>
    <defaultList>Buttons</defaultList>
  </Template>
  <Template>
    <type>Template</type>
    <editType>scan</editType>
    <defaultList>Scan</defaultList>
    <Defaults>command=Scan Directory|recurse=Yes|includeTypes=lnk,exe</Defaults>
    <HiddenFields>command=Scan Directory</HiddenFields>
    <Actions>Save</Actions>
  </Template>
  <Template>
    <type>Template</type>
    <editType>command</editType>
    <defaultList>History</defaultList>
    <Required>Command</Required>
  </Template>
  <Template>
    <type>Template</type>
    <editType>toolbar</editType>
    <defaultList>Toolbars</defaultList>
  </Template>
  <Template>
    <type>template</type>
    <editType>filter</editType>
    <defaultList>Filters</defaultList>
  </template>
  <Template>
    <type>Template</type>
    <editType>type</editType>
    <defaultList>Types</defaultList>
  </Template>
  <Template>
    <type>template</type>
    <editType>Hotkey</editType>
    <defaultList>Hotkey</defaultList>
  </template>
  <Template>
    <type>Template</type>
    <editType>list</editType>
    <defaultList>Lists</defaultList>
  </Template>
  <Template>
    <type>Template</type>
    <editType>feed</editType>
    <defaultList>RSS</defaultList>
  </Template>
  <Template>
    <type>Template</type>
    <editType>template</editType>
    <defaultList>Templates</defaultList>
    <Actions>Save</Actions>
  </Template>
  <Template>
    <type>template</type>
    <editType>handler</editType>
    <defaultList>Handler</defaultList>
  </template>
  <Template>
    <type>Template</type>
    <editType>slash</editType>
    <defaultList>Slash</defaultList>
    <Defaults>MaskField=Command|SlashType=Website|Name=/something</Defaults>
  </Template>
</Redstone>