
<?xml version="1.0" encoding="iso-8859-1"?>
<Redstone>
  <type>
    <type>type</type>
    <typeType>folder</typeType>
    <run>Files SetFolder</run>
    <altRun>Files Run</altRun>
    <icon>file</icon>
    <fields>name,command</fields>
    <keyFields>command</keyFields>
    <details>command</details>
  </type>
  <type>
    <type>type</type>
    <typeType>url</typeType>
    <run>Website Run</run>
    <icon>url</icon>
    <fields>name,command</fields>
    <keyFields>command</keyFields>
    <details>command</details>
  </type>
  <type>
    <type>type</type>
    <typeType>gds</typeType>
    <run>GoogleDesktop Search</run>
    <icon>url</icon>
    <fields>name,command</fields>
    <keyFields>command</keyFields>
    <details>command</details>
  </type>
  <type>
    <type>type</type>
    <typeType>error</typeType>
    <editable>No</editable>
    <icon>res/mskey.exe_2730.ico</icon>
  </type>
  <type>
    <type>type</type>
    <typeType>feed</typeType>
    <icon>res/rss.ico</icon>
    <run>RSS Process</run>
    <fields>name,feed</fields>
    <keyFields>feed</keyFields>
  </type>
  <type>
    <type>type</type>
    <typeType>scan</typeType>
    <icon>Shell32.dll,57</icon>
    <run>Scan Run</run>
    <fields>name,directory,includeTypes,recurse,includeDirs</fields>
    <keyFields>command,directory</keyFields>
  </type>
  <type>
    <type>type</type>
    <typeType>button</typeType>
    <editable>No</editable>
    <icon>res/Ico28CE.ico</icon>
    <fields>name,filter,icon</fields>
    <keyFields>name</keyFields>
  </type>
  <type>
    <type>type</type>
    <typeType>hotkey</typeType>
    <icon>res/ico2844.ico</icon>
    <fields>name,hotkey,onlyWhenActive</fields>
    <keyFields>hotkey</keyFields>
  </type>
  <type>
    <type>type</type>
    <typeType>file</typeType>
    <icon>file</icon>
    <run>Files Run</run>
    <altRun>Files SetFolder</altRun>
    <fields>name,command,args</fields>
    <keyFields>command,args</keyFields>
    <details>command,args</details>
  </type>
  <type>
    <type>type</type>
    <typeType>websearch</typeType>
    <icon>res/ico2585.ico</icon>
    <run>Website Search</run>
    <fields>name,url,term</fields>
    <keyFields>url,term</keyFields>
    <details>term</details>
  </type>
  <type>
    <type>type</type>
    <typeType>window</typeType>
    <editable>No</editable>
    <icon>window</icon>
    <run>Windows Activate</run>
    <altRun>Windows Maximize</altRun>
    <fields>name</fields>
    <keyFields>name</keyFields>
  </type>
  <type>
    <type>type</type>
    <typeType>slash</typeType>
    <icon>Shell32.dll,25</icon>
    <run>Slash Run</run>
    <fields>name,description,command,maskField,slashType</fields>
    <keyFields>name</keyFields>
    <details>command</details>
    <extInput>Yes</extInput>
  </type>
  <type>
    <type>type</type>
    <typeType>startmenu</typeType>
    <editable>No</editable>
    <icon>res/folders.ico</icon>
    <run>StartMenu SetFolder</run>
    <fields>name,command</fields>
    <keyFields>name</keyFields>
  </type>
  <type>
    <type>type</type>
    <typeType>toolbar</typeType>
    <editable>No</editable>
    <icon>res/wiaacmgr.exe_205.ico</icon>
    <fields>name,filter</fields>
    <keyFields>name</keyFields>
  </type>
  <type>
    <type>type</type>
    <typeType>handler</typeType>
    <editable>No</editable>
    <icon>res/Ico23F8.ico</icon>
    <fields>handleType,typeType</fields>
    <keyFields>handleType</keyFields>
  </type>
  <type>
    <type>type</type>
    <typeType>template</typeType>
    <editable>No</editable>
    <icon>res/nmoldwb.dll_1.ico</icon>
    <fields>editType,defaultList,defaults,hiddenFields,required,actions</fields>
    <keyFields>editType</keyFields>
  </type>
  <type>
    <type>type</type>
    <typeType>type</typeType>
    <editable>No</editable>
    <icon>res/Ico1BCF.ico</icon>
    <fields>typeType,editable,icon,run,altRun,fields,keyFields,details,extInput</fields>
    <keyFields>typeType</keyFields>
  </type>
  <type>
    <type>type</type>
    <typeType>list</typeType>
    <icon>res/wab32res.dll_101.ico</icon>
    <run>Filter Apply</run>
    <fields>name,list,search,searchOrder,defaultType,persistent,unique,depth,addable,addMode,refreshCommand</fields>
    <keyFields>list</keyFields>
  </type>
  <type>
    <type>type</type>
    <typeType>process</typeType>
    <editable>No</editable>
    <icon>file</icon>
    <fields>pid,cpu,name,commandLine</fields>
    <keyFields>pid</keyFields>
  </type>
  <type>
    <type>type</type>
    <typeType>command</typeType>
    <icon>Shell32.dll,95</icon>
    <run>Command Process</run>
    <fields>name,command,args,icon,user</fields>
    <keyFields>command,args</keyFields>
    <details>command,args</details>
  </type>
  <type>
    <type>type</type>
    <typeType>filter</typeType>
    <editable>No</editable>
    <icon>res/ico281c.ico</icon>
    <run>Lister SetFilter</run>
    <fields>name,list,typeFilter,refilter,maxResults,headers,mode,user,sort,icon</fields>
    <keyFields>name</keyFields>
  </type>
  <type>
    <type>type</type>
    <typeType>system</typeType>
    <icon>classid</icon>
    <run>Files Run</run>
    <fields>name,command</fields>
    <keyFields>command</keyFields>
    <details>command</details>
  </type>
  <type>
    <type>type</type>
    <typeType>plugin</typeType>
    <editable>No</editable>
    <icon>res/eqnclass.dll_114.ico</icon>
    <fields>name,enabled,description,author,source,initialize,system</fields>
    <keyFields>name</keyFields>
  </type>
</Redstone>